"","Round","Team","HomeAway","No","Player","Mins","AST","BLK","FGA","FGM","FGpc","FlsOn","FTA","FTM","FTpc","Pts","REB","STL","ThreePA","ThreePM","ThreePpc","TO","TwoPA","TwoPM","TwoPpc"
"1","1","UCCAPS","HOME",13,"Wehrung, A.",24.52,5,0,11,8,73,3,2,2,100,22,5,1,5,4,80,2,6,4,67
"2","1","UCCAPS","HOME",9,"Bourne, C.",0,0,0,0,0,0,0,0,0,0,0,0,0,0,0,0,0,0,0,0
"3","1","UCCAPS","HOME",20,"Paalvast, C.",5.67,0,1,0,0,0,1,2,2,100,2,0,0,0,0,0,1,0,0,0
"4","1","UCCAPS","HOME",5,"Magbegor, E.",20.12,1,1,8,5,63,2,3,2,67,12,8,1,0,0,0,0,8,5,63
"5","1","UCCAPS","HOME",35,"Hooper, J.",25.35,1,0,11,6,55,2,3,3,100,18,3,0,7,3,43,0,4,3,75
"6","1","UCCAPS","HOME",10,"Gaze, K.",23.8,2,0,14,6,43,0,0,0,0,14,1,1,3,2,67,3,11,4,36
"7","1","UCCAPS","HOME",21,"Froling, K.",8.25,1,2,4,2,50,2,1,0,0,4,1,0,1,0,0,1,3,2,67
"8","1","UCCAPS","HOME",22,"Scherf, L.",14.95,0,0,6,1,17,1,2,0,0,2,4,0,0,0,0,1,6,1,17
"9","1","UCCAPS","HOME",23,"Rocci, M.",4.72,0,0,1,0,0,1,2,1,50,1,1,0,0,0,0,1,1,0,0
"10","1","UCCAPS","HOME",3,"Bass, M.",21.38,1,2,5,4,80,2,2,2,100,10,4,1,0,0,0,3,5,4,80
"11","1","UCCAPS","HOME",7,"Hurst, N.",32.7,14,2,5,2,40,0,0,0,0,5,8,2,3,1,33,3,2,1,50
"12","1","UCCAPS","HOME",12,"Jarry, R.",18.5,0,0,3,0,0,5,4,3,75,3,1,1,1,0,0,2,2,0,0
"13","1","BENSPIRIT","AWAY",22,"KARAITIANA, A.",26.92,0,0,10,3,30,2,2,1,50,8,2,0,4,1,25,1,6,2,33
"14","1","BENSPIRIT","AWAY",11,"Spencer, A.",1.63,0,0,1,0,0,0,0,0,0,0,0,0,0,0,0,0,1,0,0
"15","1","BENSPIRIT","AWAY",44,"Laney, B.",28.75,1,0,15,7,47,4,5,5,100,19,5,2,1,0,0,3,14,7,50
"16","1","BENSPIRIT","AWAY",21,"Rolph, E.",1.07,0,0,1,1,100,0,0,0,0,2,1,0,0,0,0,0,1,1,100
"17","1","BENSPIRIT","AWAY",20,"Richards, G.",20.25,1,0,5,1,20,0,0,0,0,2,6,0,0,0,0,1,5,1,20
"18","1","BENSPIRIT","AWAY",7,"OLIVER, H.",24.3,0,1,10,2,20,1,0,0,0,4,8,3,0,0,0,0,10,2,20
"19","1","BENSPIRIT","AWAY",3,"Tessari, K.",9.58,1,0,2,0,0,0,0,0,0,0,1,0,2,0,0,0,0,0,0
"20","1","BENSPIRIT","AWAY",23,"Griffin, K.",29.07,3,0,14,8,56,6,7,6,86,22,5,1,3,0,0,2,11,8,73
"21","1","BENSPIRIT","AWAY",12,"Payne, N.",27.93,0,1,8,4,50,5,8,3,38,13,4,2,3,2,67,2,5,2,40
"22","1","BENSPIRIT","AWAY",1,"Banham, R.",30.4,4,0,10,3,30,2,3,3,100,10,4,1,2,1,50,4,8,2,25
"23","2","UCCAPS","HOME",13,"Wehrung, A.",24.67,3,0,7,3,43,4,6,6,100,14,1,1,3,2,67,2,4,1,25
"24","2","UCCAPS","HOME",9,"Bourne, C.",0,0,0,0,0,0,0,0,0,0,0,0,0,0,0,0,0,0,0,0
"25","2","UCCAPS","HOME",20,"Paalvast, C.",8.68,2,0,0,0,0,1,0,0,0,0,1,1,0,0,0,0,0,0,0
"26","2","UCCAPS","HOME",5,"Magbegor, E.",6.92,0,1,2,0,0,0,0,0,0,0,1,0,0,0,0,2,2,0,0
"27","2","UCCAPS","HOME",35,"Hooper, J.",31.1,3,0,15,6,40,2,4,4,100,19,7,2,9,3,33,1,6,3,50
"28","2","UCCAPS","HOME",10,"Gaze, K.",15.15,0,0,2,1,50,2,4,4,100,7,1,0,1,1,100,1,1,0,0
"29","2","UCCAPS","HOME",21,"Froling, K.",7.93,1,0,2,0,0,2,2,1,50,1,2,0,2,0,0,0,0,0,0
"30","2","UCCAPS","HOME",22,"Scherf, L.",14.25,2,1,7,1,14,0,0,0,0,3,2,0,2,1,50,0,5,0,0
"31","2","UCCAPS","HOME",23,"Rocci, M.",2.5,0,0,1,1,100,1,1,0,0,2,0,0,0,0,0,0,1,1,100
"32","2","UCCAPS","HOME",3,"Bass, M.",25.73,2,1,12,6,50,2,1,1,100,13,6,0,0,0,0,2,12,6,50
"33","2","UCCAPS","HOME",7,"Hurst, N.",34.27,7,0,7,4,56,1,0,0,0,10,6,1,3,2,67,1,4,2,50
"34","2","UCCAPS","HOME",12,"Jarry, R.",28.72,1,0,9,6,67,3,4,2,50,15,4,1,1,1,100,0,8,5,63
"35","2","ADELAIDE","AWAY",4,"Bishop, A.",31.8,3,0,12,8,67,5,6,4,67,21,5,1,1,1,100,4,11,7,64
"36","2","ADELAIDE","AWAY",42,"Planeta, C.",19.3,0,1,7,4,56,1,2,2,100,10,5,1,1,0,0,0,6,4,67
"37","2","ADELAIDE","AWAY",12,"Good, J.",0,0,0,0,0,0,0,0,0,0,0,0,0,0,0,0,0,0,0,0
"38","2","ADELAIDE","AWAY",10,"HODGES, L.",15.38,0,0,5,3,60,0,0,0,0,6,1,1,0,0,0,0,5,3,60
"39","2","ADELAIDE","AWAY",1,"Nicholson, L.",26.63,2,0,6,3,50,3,0,0,0,8,6,1,4,2,50,1,2,1,50
"40","2","ADELAIDE","AWAY",21,"Novosel, N.",32.33,8,1,14,4,28,4,6,5,83,14,3,0,5,1,20,1,9,3,33
"41","2","ADELAIDE","AWAY",35,"Seekamp, N.",36.7,3,0,10,2,20,3,2,2,100,6,1,2,2,0,0,4,8,2,25
"42","2","ADELAIDE","AWAY",44,"Hamblin, R.",24.77,0,3,9,5,56,1,0,0,0,10,13,0,0,0,0,0,9,5,56
"43","2","ADELAIDE","AWAY",7,"Elsworthy, S.",3.13,1,0,0,0,0,0,0,0,0,0,0,0,0,0,0,0,0,0,0
"44","2","ADELAIDE","AWAY",9,"Panousis, V.",9.9,1,0,3,1,33,0,0,0,0,2,1,0,1,0,0,1,2,1,50
"45","3","UCCAPS","AWAY",13,"Wehrung, A.",31.22,1,0,10,4,40,3,2,1,50,9,5,1,2,0,0,3,8,4,50
"46","3","UCCAPS","AWAY",5,"Magbegor, E.",13.4,1,3,6,2,33,1,0,0,0,4,4,1,0,0,0,0,6,2,33
"47","3","UCCAPS","AWAY",35,"Hooper, J.",25.87,1,1,8,2,25,1,2,2,100,7,5,0,6,1,17,0,2,1,50
"48","3","UCCAPS","AWAY",10,"Gaze, K.",17.02,0,0,1,0,0,1,0,0,0,0,1,0,0,0,0,2,1,0,0
"49","3","UCCAPS","AWAY",21,"Froling, K.",11.37,1,0,0,0,0,2,0,0,0,0,2,0,0,0,0,0,0,0,0
"50","3","UCCAPS","AWAY",22,"Scherf, L.",22.57,1,1,15,6,40,1,0,0,0,13,8,0,3,1,33,2,12,5,42
"51","3","UCCAPS","AWAY",23,"Rocci, M.",2.6,1,0,1,0,0,2,4,4,100,4,1,0,0,0,0,0,1,0,0
"52","3","UCCAPS","AWAY",3,"Bass, M.",16.35,1,0,8,4,50,1,0,0,0,8,1,0,0,0,0,3,8,4,50
"53","3","UCCAPS","AWAY",7,"Hurst, N.",35.13,6,0,10,5,50,0,0,0,0,13,5,1,6,3,50,2,4,2,50
"54","3","UCCAPS","AWAY",12,"Jarry, R.",24.32,2,0,8,3,38,2,2,1,50,7,6,1,2,0,0,1,6,3,50
"55","3","TOWNSVILLE","HOME",23,"George, C.",32.13,1,2,15,6,40,3,0,0,0,14,9,2,6,2,33,0,9,4,44
"56","3","TOWNSVILLE","HOME",14,"Garbin, D.",11.37,1,1,7,1,14,3,0,0,0,2,5,0,0,0,0,1,7,1,14
"57","3","TOWNSVILLE","HOME",7,"Andrews, H.",0,0,0,0,0,0,0,0,0,0,0,0,0,0,0,0,0,0,0,0
"58","3","TOWNSVILLE","HOME",22,"Wilson, K.",30.37,1,0,5,2,40,2,2,2,100,7,4,2,2,1,50,0,3,1,33
"59","3","TOWNSVILLE","HOME",1,"Mincy, L.",25.13,3,0,10,6,60,0,0,0,0,13,6,1,2,1,50,1,8,5,63
"60","3","TOWNSVILLE","HOME",10,"Murray, M.",25.32,3,3,9,2,22,2,3,1,33,5,3,0,3,0,0,0,6,2,33
"61","3","TOWNSVILLE","HOME",32,"Cocks, M.",24.25,1,0,4,2,50,1,1,1,100,5,3,0,2,0,0,2,2,2,100
"62","3","TOWNSVILLE","HOME",3,"Goodchild, M.",0,0,0,0,0,0,0,0,0,0,0,0,0,0,0,0,0,0,0,0
"63","3","TOWNSVILLE","HOME",6,"Donnelly, M.",14.82,4,0,3,2,67,2,3,3,100,7,2,0,0,0,0,2,3,2,67
"64","3","TOWNSVILLE","HOME",8,"Batkovic, S.",31.3,4,0,18,6,33,7,10,8,80,20,12,3,0,0,0,2,18,6,33
"65","3","TOWNSVILLE","HOME",24,"Wiese, S.",0,0,0,0,0,0,0,0,0,0,0,0,0,0,0,0,0,0,0,0
"66","3","TOWNSVILLE","HOME",15,"Aokuso, Z.",5.15,0,0,3,1,33,2,3,1,33,3,2,0,0,0,0,0,3,1,33
"67","4","UCCAPS","HOME",13,"Wehrung, A.",22.82,2,0,7,2,28,0,0,0,0,4,5,0,3,0,0,2,4,2,50
"68","4","UCCAPS","HOME",9,"Bourne, C.",0,0,0,0,0,0,0,0,0,0,0,0,0,0,0,0,0,0,0,0
"69","4","UCCAPS","HOME",5,"Magbegor, E.",19.85,2,2,10,5,50,2,2,1,50,11,5,1,0,0,0,0,10,5,50
"70","4","UCCAPS","HOME",35,"Hooper, J.",22.88,0,0,6,1,17,2,2,2,100,5,3,0,3,1,33,2,3,0,0
"71","4","UCCAPS","HOME",10,"Gaze, K.",17.63,1,0,7,3,43,3,1,1,100,8,0,0,4,1,25,2,3,2,67
"72","4","UCCAPS","HOME",21,"Froling, K.",11.58,0,0,2,1,50,3,3,2,67,4,2,0,0,0,0,1,2,1,50
"73","4","UCCAPS","HOME",22,"Scherf, L.",19.38,0,0,9,3,33,1,2,1,50,8,3,0,2,1,50,0,7,2,28
"74","4","UCCAPS","HOME",23,"Rocci, M.",14.77,4,0,5,2,40,4,3,1,33,5,4,0,0,0,0,2,5,2,40
"75","4","UCCAPS","HOME",3,"Bass, M.",18.25,0,0,7,2,28,2,1,0,0,4,2,3,0,0,0,1,7,2,28
"76","4","UCCAPS","HOME",7,"Hurst, N.",25.22,1,0,11,4,36,2,2,1,50,10,0,0,3,1,33,3,8,3,38
"77","4","UCCAPS","HOME",12,"Jarry, R.",19.25,1,0,3,1,33,3,3,2,67,4,1,1,0,0,0,2,3,1,33
"78","4","MELBBOOM","AWAY",15,"Grant, A.",16.88,1,1,5,1,20,1,0,0,0,3,2,1,1,1,100,2,4,0,0
"79","4","MELBBOOM","AWAY",3,"Smart, B.",22.18,2,0,9,6,67,1,2,2,100,16,3,1,5,2,40,0,4,4,100
"80","4","MELBBOOM","AWAY",50,"Duever, C.",13,0,0,2,2,100,1,2,2,100,6,2,0,0,0,0,1,2,2,100
"81","4","MELBBOOM","AWAY",8,"Cambage, E.",24.62,2,3,16,12,75,5,5,3,60,27,8,0,1,0,0,1,15,12,80
"82","4","MELBBOOM","AWAY",11,"O'Hea, J.",26.85,5,1,7,6,86,5,7,6,86,19,7,4,2,1,50,1,5,5,100
"83","4","MELBBOOM","AWAY",32,"Purcell, K.",25.43,3,1,4,2,50,0,0,0,0,4,3,1,0,0,0,2,4,2,50
"84","4","MELBBOOM","AWAY",23,"Garrick, M.",27.13,3,0,10,3,30,3,0,0,0,6,0,1,2,0,0,2,8,3,38
"85","4","MELBBOOM","AWAY",14,"Conti, M.",19.78,2,0,2,0,0,0,0,0,0,0,3,1,0,0,0,2,2,0,0
"86","4","MELBBOOM","AWAY",4,"Cole, R.",24,5,1,6,3,50,3,5,5,100,11,5,3,2,0,0,3,4,3,75
"87","4","MELBBOOM","AWAY",6,"Ott, R.",0,0,0,0,0,0,0,0,0,0,0,0,0,0,0,0,0,0,0,0
"88","5","UCCAPS","HOME",13,"Wehrung, A.",26.9,3,0,10,7,70,0,0,0,0,19,5,0,6,5,83,1,4,2,50
"89","5","UCCAPS","HOME",9,"Bourne, C.",0,0,0,0,0,0,0,0,0,0,0,0,0,0,0,0,0,0,0,0
"90","5","UCCAPS","HOME",20,"Paalvast, C.",3.3,0,1,0,0,0,1,0,0,0,0,0,0,0,0,0,0,0,0,0
"91","5","UCCAPS","HOME",5,"Magbegor, E.",6.75,0,0,2,0,0,1,2,2,100,2,1,2,0,0,0,1,2,0,0
"92","5","UCCAPS","HOME",35,"Hooper, J.",30.03,3,0,13,2,15,0,0,0,0,6,5,2,7,2,28,1,6,0,0
"93","5","UCCAPS","HOME",10,"Gaze, K.",14.17,0,1,4,1,25,1,0,0,0,3,1,1,2,1,50,1,2,0,0
"94","5","UCCAPS","HOME",21,"Froling, K.",14.33,2,0,3,2,67,0,0,0,0,5,2,0,1,1,100,1,2,1,50
"95","5","UCCAPS","HOME",22,"Scherf, L.",24.52,3,0,10,4,40,2,2,1,50,9,8,0,3,0,0,1,7,4,56
"96","5","UCCAPS","HOME",23,"Rocci, M.",2.28,1,0,0,0,0,0,0,0,0,0,1,0,0,0,0,0,0,0,0
"97","5","UCCAPS","HOME",3,"Bass, M.",16.32,1,0,11,5,45,4,6,2,33,12,3,0,0,0,0,1,11,5,45
"98","5","UCCAPS","HOME",7,"Hurst, N.",37.7,8,0,13,5,38,0,0,0,0,12,5,1,8,2,25,1,5,3,60
"99","5","UCCAPS","HOME",12,"Jarry, R.",23.6,0,0,7,1,14,4,6,6,100,8,4,0,0,0,0,1,7,1,14
"100","5","DANDENONG","AWAY",14,"Todhunter, A.",8.65,0,0,1,0,0,0,0,0,0,0,3,1,0,0,0,1,1,0,0
"101","5","DANDENONG","AWAY",11,"Mijovic, c.",24.43,3,5,13,3,23,1,2,1,50,8,4,0,5,1,20,0,8,2,25
"102","5","DANDENONG","AWAY",2,"Pedersen, K.",35.53,4,0,12,7,57,4,5,5,100,19,12,0,0,0,0,4,12,7,57
"103","5","DANDENONG","AWAY",10,"Rowe, K.",0,0,0,0,0,0,0,0,0,0,0,0,0,0,0,0,0,0,0,0
"104","5","DANDENONG","AWAY",13,"Palau, L.",21.68,4,0,4,2,50,2,0,0,0,4,6,1,1,0,0,0,3,2,67
"105","5","DANDENONG","AWAY",7,"Pizzey, R.",0,0,0,0,0,0,0,0,0,0,0,0,0,0,0,0,0,0,0,0
"106","5","DANDENONG","AWAY",15,"Blicavs, S.",36.47,6,0,23,11,48,2,2,2,100,24,11,2,2,0,0,2,21,11,52
"107","5","DANDENONG","AWAY",8,"Blicavs, S.",36.13,1,2,11,4,36,0,0,0,0,9,5,1,4,1,25,1,7,3,43
"108","5","DANDENONG","AWAY",22,"Roberts, T.",17.62,0,0,8,4,50,2,2,2,100,10,2,1,1,0,0,1,7,4,56
"109","5","DANDENONG","AWAY",5,"Lavey, T.",19.42,3,0,3,1,33,0,0,0,0,3,1,0,2,1,50,3,1,0,0
"110","6","UCCAPS","AWAY",13,"Wehrung, A.",33.35,0,0,12,6,50,0,0,0,0,14,3,2,5,2,40,2,7,4,56
"111","6","UCCAPS","AWAY",20,"Paalvast, C.",8.82,1,0,2,0,0,2,0,0,0,0,2,0,0,0,0,0,2,0,0
"112","6","UCCAPS","AWAY",5,"Magbegor, E.",12.85,0,2,5,2,40,2,3,1,33,5,5,0,0,0,0,2,5,2,40
"113","6","UCCAPS","AWAY",35,"Hooper, J.",28.82,0,0,13,5,38,0,0,0,0,13,7,1,6,3,50,2,7,2,28
"114","6","UCCAPS","AWAY",10,"Gaze, K.",19.52,2,0,9,3,33,1,0,0,0,9,1,1,4,3,75,0,5,0,0
"115","6","UCCAPS","AWAY",21,"Froling, K.",14.55,1,0,3,2,67,4,2,1,50,5,4,0,0,0,0,0,3,2,67
"116","6","UCCAPS","AWAY",22,"Scherf, L.",14.5,1,0,8,3,38,0,0,0,0,6,4,0,1,0,0,3,7,3,43
"117","6","UCCAPS","AWAY",23,"Rocci, M.",5.42,0,0,5,1,20,1,0,0,0,2,0,0,1,0,0,1,4,1,25
"118","6","UCCAPS","AWAY",3,"Bass, M.",23.82,5,2,10,5,50,3,0,0,0,10,9,1,0,0,0,2,10,5,50
"119","6","UCCAPS","AWAY",7,"Hurst, N.",38.32,7,0,12,5,42,1,0,0,0,13,2,1,7,3,43,2,5,2,40
"120","6","ADELAIDE","HOME",4,"Bishop, A.",33.32,1,2,20,7,35,6,7,7,100,21,12,1,2,0,0,3,18,7,39
"121","6","ADELAIDE","HOME",5,"Clydesdale, A.",20.23,1,0,6,3,50,3,0,0,0,9,1,0,6,3,50,2,0,0,0
"122","6","ADELAIDE","HOME",8,"Brook, C.",0.82,0,0,0,0,0,0,0,0,0,0,1,0,0,0,0,0,0,0,0
"123","6","ADELAIDE","HOME",42,"Planeta, C.",31.58,1,2,10,4,40,1,0,0,0,11,6,1,3,3,100,0,7,1,14
"124","6","ADELAIDE","HOME",12,"Good, J.",3.53,0,1,1,0,0,0,0,0,0,0,0,0,0,0,0,0,1,0,0
"125","6","ADELAIDE","HOME",1,"Nicholson, L.",29.6,1,0,5,2,40,1,2,2,100,6,4,1,2,0,0,0,3,2,67
"126","6","ADELAIDE","HOME",21,"Novosel, N.",36.37,4,0,13,6,46,5,6,5,83,17,3,6,2,0,0,3,11,6,55
"127","6","ADELAIDE","HOME",35,"Seekamp, N.",31.57,6,0,9,2,22,3,4,4,100,8,8,2,2,0,0,2,7,2,28
"128","6","ADELAIDE","HOME",44,"Hamblin, R.",8.52,1,0,6,4,67,2,1,0,0,8,4,0,0,0,0,1,6,4,67
"129","6","ADELAIDE","HOME",7,"Elsworthy, S.",1.67,0,0,1,0,0,0,0,0,0,0,0,0,1,0,0,0,0,0,0
"130","6","ADELAIDE","HOME",9,"Panousis, V.",2.7,1,0,0,0,0,0,0,0,0,0,0,0,0,0,0,1,0,0,0
"131","7","UCCAPS","HOME",13,"Wehrung, A.",32.6,3,1,13,4,31,0,0,0,0,10,7,3,4,2,50,6,9,2,22
"132","7","UCCAPS","HOME",9,"Bourne, C.",0,0,0,0,0,0,0,0,0,0,0,0,0,0,0,0,0,0,0,0
"133","7","UCCAPS","HOME",20,"Paalvast, C.",8.65,1,0,2,1,50,0,0,0,0,2,1,0,1,0,0,1,1,1,100
"134","7","UCCAPS","HOME",5,"Magbegor, E.",10.02,0,3,5,2,40,1,0,0,0,4,3,0,1,0,0,0,4,2,50
"135","7","UCCAPS","HOME",35,"Hooper, J.",26.72,0,0,11,2,18,0,0,0,0,5,9,1,5,1,20,3,6,1,17
"136","7","UCCAPS","HOME",10,"Gaze, K.",24.83,1,0,11,3,27,2,2,2,100,10,0,2,3,2,67,1,8,1,13
"137","7","UCCAPS","HOME",21,"Froling, K.",13.43,0,0,4,4,100,1,1,1,100,10,1,0,1,1,100,2,3,3,100
"138","7","UCCAPS","HOME",22,"Scherf, L.",23.17,2,1,12,4,33,3,2,0,0,8,9,0,1,0,0,2,11,4,36
"139","7","UCCAPS","HOME",23,"Rocci, M.",4.37,1,0,1,0,0,0,0,0,0,0,1,0,0,0,0,0,1,0,0
"140","7","UCCAPS","HOME",3,"Bass, M.",20.07,5,0,9,5,56,3,2,1,50,11,6,0,1,0,0,1,8,5,63
"141","7","UCCAPS","HOME",7,"Hurst, N.",36.1,9,0,13,3,23,1,0,0,0,8,4,0,6,2,33,2,7,1,14
"142","7","TOWNSVILLE","AWAY",23,"George, C.",28.18,3,3,8,3,38,3,4,4,100,10,9,0,2,0,0,0,6,3,50
"143","7","TOWNSVILLE","AWAY",14,"Garbin, D.",20.55,2,0,10,5,50,0,0,0,0,11,4,2,1,1,100,0,9,4,44
"144","7","TOWNSVILLE","AWAY",22,"Wilson, K.",26.22,7,0,4,2,50,0,0,0,0,4,3,2,1,0,0,1,3,2,67
"145","7","TOWNSVILLE","AWAY",1,"Mincy, L.",23.97,0,1,7,6,86,1,0,0,0,14,3,0,2,2,100,2,5,4,80
"146","7","TOWNSVILLE","AWAY",10,"Murray, M.",17.05,3,0,3,1,33,0,0,0,0,2,3,0,2,0,0,0,1,1,100
"147","7","TOWNSVILLE","AWAY",32,"Cocks, M.",13.92,3,0,8,1,13,0,0,0,0,2,3,2,5,0,0,2,3,1,33
"148","7","TOWNSVILLE","AWAY",6,"Donnelly, M.",13.75,2,0,1,1,100,1,0,0,0,2,1,0,0,0,0,2,1,1,100
"149","7","TOWNSVILLE","AWAY",8,"Batkovic, S.",31.25,4,0,23,11,48,5,5,5,100,27,11,5,0,0,0,5,23,11,48
"150","7","TOWNSVILLE","AWAY",24,"Wiese, S.",25.05,1,1,7,3,43,2,4,4,100,11,1,0,4,1,25,0,3,2,67
"151","7","TOWNSVILLE","AWAY",15,"Aokuso, Z.",0,0,0,0,0,0,0,0,0,0,0,0,0,0,0,0,0,0,0,0
"152","8","SYDUNI","HOME",7,"Wilson, A.",33.07,2,0,12,4,33,6,5,3,60,12,2,0,6,1,17,2,6,3,50
"153","8","SYDUNI","HOME",31,"Taylor, A.",31.98,0,0,17,6,35,6,7,6,86,18,10,1,2,0,0,5,15,6,40
"154","8","SYDUNI","HOME",12,"Snell, B.",36.97,4,1,18,6,33,1,2,2,100,16,10,2,7,2,28,1,11,4,36
"155","8","SYDUNI","HOME",11,"Boag, C.",3.95,1,0,1,0,0,0,0,0,0,0,0,1,0,0,0,0,1,0,0
"156","8","SYDUNI","HOME",6,"McLean, C.",5,0,0,1,0,0,1,0,0,0,0,1,0,0,0,0,2,1,0,0
"157","8","SYDUNI","HOME",3,"Moffatt, H.",0,0,0,0,0,0,0,0,0,0,0,0,0,0,0,0,0,0,0,0
"158","8","SYDUNI","HOME",5,"Hamson, J.",31.13,0,6,10,6,60,1,2,1,50,13,10,0,0,0,0,0,10,6,60
"159","8","SYDUNI","HOME",10,"Ebzery, K.",16.37,2,0,7,3,43,6,7,6,86,12,6,0,1,0,0,3,6,3,50
"160","8","SYDUNI","HOME",14,"McSpadden, L.",0.8,0,0,0,0,0,0,0,0,0,0,0,0,0,0,0,0,0,0,0
"161","8","SYDUNI","HOME",44,"Graham, S.",10.72,3,0,1,0,0,2,2,2,100,2,0,0,1,0,0,0,0,0,0
"162","8","SYDUNI","HOME",8,"Greaves, S.",10.23,1,0,1,1,100,1,0,0,0,2,4,0,0,0,0,1,1,1,100
"163","8","SYDUNI","HOME",2,"Walmsley, S.",19.72,1,0,2,2,100,0,0,0,0,6,3,0,2,2,100,1,0,0,0
"164","8","UCCAPS","AWAY",13,"Wehrung, A.",28.28,2,1,12,4,33,2,2,1,50,12,2,3,6,3,50,2,6,1,17
"165","8","UCCAPS","AWAY",9,"Bourne, C.",0,0,0,0,0,0,0,0,0,0,0,0,0,0,0,0,0,0,0,0
"166","8","UCCAPS","AWAY",20,"Paalvast, C.",11.08,2,1,3,0,0,0,0,0,0,0,0,0,0,0,0,1,3,0,0
"167","8","UCCAPS","AWAY",5,"Magbegor, E.",5.33,0,1,3,1,33,1,1,1,100,3,1,0,0,0,0,0,3,1,33
"168","8","UCCAPS","AWAY",35,"Hooper, J.",27.25,1,1,12,6,50,0,0,0,0,14,10,0,6,2,33,0,6,4,67
"169","8","UCCAPS","AWAY",10,"Gaze, K.",17.28,3,0,3,1,33,2,2,2,100,4,0,0,1,0,0,1,2,1,50
"170","8","UCCAPS","AWAY",21,"Froling, K.",17.72,1,0,4,0,0,2,2,2,100,2,6,1,1,0,0,2,3,0,0
"171","8","UCCAPS","AWAY",22,"Scherf, L.",10.05,0,1,5,1,20,1,0,0,0,2,1,0,1,0,0,0,4,1,25
"172","8","UCCAPS","AWAY",23,"Rocci, M.",4.22,1,0,1,0,0,0,0,0,0,0,0,0,1,0,0,1,0,0,0
"173","8","UCCAPS","AWAY",3,"Bass, M.",26.05,0,1,12,5,42,5,7,5,71,15,7,1,0,0,0,2,12,5,42
"174","8","UCCAPS","AWAY",7,"Hurst, N.",31.63,3,0,5,1,20,3,2,1,50,4,4,2,3,1,33,2,2,0,0
"175","8","UCCAPS","AWAY",12,"Jarry, R.",21,2,2,11,3,27,3,0,0,0,6,3,2,5,0,0,1,6,3,50
"176","9","UCCAPS","HOME",13,"Wehrung, A.",31.9,2,0,13,3,23,0,0,0,0,9,1,1,7,3,43,2,6,0,0
"177","9","UCCAPS","HOME",9,"Bourne, C.",0,0,0,0,0,0,0,0,0,0,0,0,0,0,0,0,0,0,0,0
"178","9","UCCAPS","HOME",20,"Paalvast, C.",5.45,0,0,1,1,100,0,0,0,0,2,0,0,0,0,0,1,1,1,100
"179","9","UCCAPS","HOME",5,"Magbegor, E.",6.05,0,1,4,0,0,0,0,0,0,0,3,0,0,0,0,0,4,0,0
"180","9","UCCAPS","HOME",35,"Hooper, J.",21.37,1,0,10,4,40,1,2,2,100,12,3,1,4,2,50,1,6,2,33
"181","9","UCCAPS","HOME",10,"Gaze, K.",16.18,2,0,7,2,28,0,0,0,0,4,2,0,3,0,0,0,4,2,50
"182","9","UCCAPS","HOME",21,"Froling, K.",24.05,2,0,8,4,50,2,2,0,0,10,5,1,4,2,50,2,4,2,50
"183","9","UCCAPS","HOME",22,"Scherf, L.",15.82,2,2,3,1,33,1,2,1,50,3,6,1,0,0,0,0,3,1,33
"184","9","UCCAPS","HOME",23,"Rocci, M.",2.32,0,0,1,0,0,0,0,0,0,0,0,0,0,0,0,0,1,0,0
"185","9","UCCAPS","HOME",3,"Bass, M.",20.67,1,1,9,3,33,3,2,2,100,8,4,1,0,0,0,1,9,3,33
"186","9","UCCAPS","HOME",7,"Hurst, N.",35.88,8,0,9,5,56,0,0,0,0,13,2,0,6,3,50,0,3,2,67
"187","9","UCCAPS","HOME",12,"Jarry, R.",20.25,2,0,10,4,40,2,4,3,75,11,2,2,0,0,0,1,10,4,40
"188","9","SYDUNI","AWAY",7,"Wilson, A.",28.75,3,1,8,3,38,2,4,2,50,10,4,0,3,2,67,4,5,1,20
"189","9","SYDUNI","AWAY",31,"Taylor, A.",30.12,2,0,19,10,53,9,8,7,88,27,7,2,1,0,0,4,18,10,56
"190","9","SYDUNI","AWAY",12,"Snell, B.",40,7,1,8,4,50,2,5,4,80,14,7,1,5,2,40,2,3,2,67
"191","9","SYDUNI","AWAY",11,"Boag, C.",0,0,0,0,0,0,0,0,0,0,0,0,0,0,0,0,0,0,0,0
"192","9","SYDUNI","AWAY",6,"McLean, C.",0,0,0,0,0,0,0,0,0,0,0,0,0,0,0,0,0,0,0,0
"193","9","SYDUNI","AWAY",3,"Moffatt, H.",9.93,0,0,0,0,0,0,0,0,0,0,3,0,0,0,0,0,0,0,0
"194","9","SYDUNI","AWAY",5,"Hamson, J.",32.92,0,3,7,5,71,0,0,0,0,10,15,0,0,0,0,1,7,5,71
"195","9","SYDUNI","AWAY",10,"Ebzery, K.",36.97,3,0,14,3,21,8,6,5,83,11,4,1,3,0,0,2,11,3,27
"196","9","SYDUNI","AWAY",14,"McSpadden, L.",0,0,0,0,0,0,0,0,0,0,0,0,0,0,0,0,0,0,0,0
"197","9","SYDUNI","AWAY",44,"Graham, S.",3.92,0,0,2,1,50,1,3,3,100,5,1,0,0,0,0,1,2,1,50
"198","9","SYDUNI","AWAY",8,"Greaves, S.",14.32,1,0,4,2,50,0,0,0,0,4,2,0,0,0,0,0,4,2,50
"199","9","SYDUNI","AWAY",2,"Walmsley, S.",3.02,0,0,0,0,0,0,0,0,0,0,0,0,0,0,0,1,0,0,0
"200","10","PERTHLYNX","HOME",8,"Ciabattoni, A.",20.62,3,0,6,3,50,0,0,0,0,8,5,1,2,2,100,0,4,1,25
"201","10","PERTHLYNX","HOME",10,"Kunek, A.",33.07,3,1,17,5,28,7,4,4,100,16,5,0,5,2,40,0,12,3,25
"202","10","PERTHLYNX","HOME",3,"Dowe, A.",16.72,2,0,3,1,33,0,0,0,0,2,5,2,0,0,0,1,3,1,33
"203","10","PERTHLYNX","HOME",1,"Williams, C.",31.1,3,0,21,13,62,1,0,0,0,26,9,1,1,0,0,2,20,13,65
"204","10","PERTHLYNX","HOME",20,"Denehey, G.",1.98,0,0,0,0,0,0,0,0,0,0,0,0,0,0,0,0,0,0,0
"205","10","PERTHLYNX","HOME",30,"Miotti, I.",1.98,0,0,1,1,100,0,0,0,0,2,0,0,0,0,0,0,1,1,100
"206","10","PERTHLYNX","HOME",12,"Standish, K.",19.97,0,1,7,2,28,1,2,2,100,7,1,2,2,1,50,0,5,1,20
"207","10","PERTHLYNX","HOME",6,"Pirini, M.",3.38,0,0,0,0,0,0,0,0,0,0,0,0,0,0,0,0,0,0,0
"208","10","PERTHLYNX","HOME",9,"Burton, N.",23.27,1,3,4,2,50,1,2,2,100,6,5,1,0,0,0,1,4,2,50
"209","10","PERTHLYNX","HOME",11,"Thompson, O.",13.65,0,0,3,2,67,0,0,0,0,4,1,0,0,0,0,1,3,2,67
"210","10","PERTHLYNX","HOME",32,"Whitcomb, S.",32.18,5,0,12,4,33,5,2,2,100,12,5,2,8,2,25,2,4,2,50
"211","10","PERTHLYNX","HOME",24,"Fejo, T.",1.98,0,0,2,1,50,0,0,0,0,2,0,0,1,0,0,0,1,1,100
"212","10","UCCAPS","AWAY",13,"Wehrung, A.",28.22,1,0,9,2,22,3,2,2,100,6,4,0,1,0,0,5,8,2,25
"213","10","UCCAPS","AWAY",20,"Paalvast, C.",10.88,0,0,0,0,0,1,0,0,0,0,0,0,0,0,0,0,0,0,0
"214","10","UCCAPS","AWAY",5,"Magbegor, E.",16.07,0,1,10,5,50,4,5,2,40,12,7,0,0,0,0,0,10,5,50
"215","10","UCCAPS","AWAY",35,"Hooper, J.",26.05,0,0,10,4,40,1,2,2,100,13,6,0,7,3,43,4,3,1,33
"216","10","UCCAPS","AWAY",10,"Gaze, K.",25.8,2,0,9,4,44,1,2,2,100,11,0,1,2,1,50,2,7,3,43
"217","10","UCCAPS","AWAY",21,"Froling, K.",12.52,0,0,4,0,0,1,2,1,50,1,1,0,2,0,0,1,2,0,0
"218","10","UCCAPS","AWAY",22,"Scherf, L.",16.02,1,0,5,4,80,0,0,0,0,8,10,0,0,0,0,0,5,4,80
"219","10","UCCAPS","AWAY",23,"Rocci, M.",12.68,2,0,4,2,50,4,3,2,67,7,0,0,1,1,100,2,3,1,33
"220","10","UCCAPS","AWAY",3,"Bass, M.",21.83,1,0,6,3,50,1,0,0,0,6,6,1,0,0,0,1,6,3,50
"221","10","UCCAPS","AWAY",7,"Hurst, N.",29.87,5,0,6,1,17,4,2,1,50,3,5,2,2,0,0,3,4,1,25
"222","11","MELBBOOM","HOME",15,"Grant, A.",7.23,0,0,5,3,60,1,0,0,0,6,2,0,0,0,0,0,5,3,60
"223","11","MELBBOOM","HOME",3,"Smart, B.",15.78,2,1,4,1,25,0,0,0,0,3,2,1,2,1,50,2,2,0,0
"224","11","MELBBOOM","HOME",8,"Cambage, E.",26.58,4,1,19,13,68,7,6,6,100,32,11,1,0,0,0,1,19,13,68
"225","11","MELBBOOM","HOME",11,"O'Hea, J.",28.23,2,0,6,3,50,4,3,3,100,9,5,1,2,0,0,3,4,3,75
"226","11","MELBBOOM","HOME",32,"Purcell, K.",25.13,5,0,5,2,40,1,2,1,50,5,12,1,0,0,0,2,5,2,40
"227","11","MELBBOOM","HOME",5,"Burton, K.",2.97,0,0,1,0,0,0,0,0,0,0,2,0,0,0,0,1,1,0,0
"228","11","MELBBOOM","HOME",2,"Tomlinson, L.",21.02,4,1,7,3,43,3,4,3,75,9,4,0,0,0,0,1,7,3,43
"229","11","MELBBOOM","HOME",23,"Garrick, M.",35.17,0,0,10,6,60,0,0,0,0,16,1,1,7,4,56,2,3,2,67
"230","11","MELBBOOM","HOME",14,"Conti, M.",10.28,2,0,2,1,50,0,0,0,0,3,2,2,1,1,100,2,1,0,0
"231","11","MELBBOOM","HOME",9,"Kalka, P.",2.03,0,0,0,0,0,0,0,0,0,0,0,0,0,0,0,0,0,0,0
"232","11","MELBBOOM","HOME",4,"Cole, R.",25.5,2,0,11,5,45,3,2,2,100,13,4,0,2,1,50,0,9,4,44
"233","11","MELBBOOM","HOME",6,"Ott, R.",0,0,0,0,0,0,0,0,0,0,0,0,0,0,0,0,0,0,0,0
"234","11","UCCAPS","AWAY",13,"Wehrung, A.",24.43,2,0,4,3,75,0,0,0,0,8,1,1,2,2,100,1,2,1,50
"235","11","UCCAPS","AWAY",20,"Paalvast, C.",13.12,1,1,3,2,67,0,0,0,0,4,2,1,0,0,0,0,3,2,67
"236","11","UCCAPS","AWAY",5,"Magbegor, E.",18.45,0,2,4,2,50,4,7,5,71,9,9,1,0,0,0,1,4,2,50
"237","11","UCCAPS","AWAY",35,"Hooper, J.",24.72,0,0,12,1,8,2,0,0,0,3,2,0,7,1,14,3,5,0,0
"238","11","UCCAPS","AWAY",10,"Gaze, K.",22.4,0,0,7,1,14,2,1,1,100,3,0,0,2,0,0,1,5,1,20
"239","11","UCCAPS","AWAY",21,"Froling, K.",15.32,1,0,6,2,33,0,0,0,0,4,3,0,2,0,0,0,4,2,50
"240","11","UCCAPS","AWAY",22,"Scherf, L.",15.7,2,0,11,4,36,1,1,1,100,11,7,1,4,2,50,5,7,2,28
"241","11","UCCAPS","AWAY",23,"Rocci, M.",18.02,1,0,7,2,28,3,0,0,0,4,2,2,2,0,0,2,5,2,40
"242","11","UCCAPS","AWAY",3,"Bass, M.",16.55,4,1,9,6,67,1,0,0,0,12,3,2,0,0,0,1,9,6,67
"243","11","UCCAPS","AWAY",7,"Hurst, N.",31.18,7,0,11,3,27,4,2,2,100,8,2,2,3,0,0,0,8,3,38
"244","12","UCCAPS","HOME",13,"Wehrung, A.",0,0,0,0,0,0,0,0,0,0,0,0,0,0,0,0,0,0,0,0
"245","12","UCCAPS","HOME",9,"Bourne, C.",0,0,0,0,0,0,0,0,0,0,0,0,0,0,0,0,0,0,0,0
"246","12","UCCAPS","HOME",20,"Paalvast, C.",12.15,4,0,1,0,0,0,0,0,0,0,0,0,0,0,0,0,1,0,0
"247","12","UCCAPS","HOME",5,"Magbegor, E.",15.83,0,1,10,7,70,2,3,2,67,16,4,1,0,0,0,0,10,7,70
"248","12","UCCAPS","HOME",35,"Hooper, J.",26.42,1,0,8,4,50,1,0,0,0,9,3,0,3,1,33,1,5,3,60
"249","12","UCCAPS","HOME",10,"Gaze, K.",31.72,2,0,13,4,31,2,0,0,0,11,2,0,11,3,27,1,2,1,50
"250","12","UCCAPS","HOME",21,"Froling, K.",27.55,3,0,5,5,100,0,0,0,0,10,4,1,0,0,0,1,5,5,100
"251","12","UCCAPS","HOME",22,"Scherf, L.",14.4,2,1,8,1,13,0,0,0,0,2,3,0,1,0,0,0,7,1,14
"252","12","UCCAPS","HOME",23,"Rocci, M.",15.55,0,0,2,1,50,5,6,5,83,7,1,2,0,0,0,0,2,1,50
"253","12","UCCAPS","HOME",3,"Bass, M.",22.92,2,0,13,4,31,3,5,4,80,12,7,0,1,0,0,2,12,4,33
"254","12","UCCAPS","HOME",7,"Hurst, N.",33.45,7,0,12,6,50,0,0,0,0,13,7,1,2,1,50,2,10,5,50
"255","12","BENSPIRIT","AWAY",8,"Hurst, A.",0,0,0,0,0,0,0,0,0,0,0,0,0,0,0,0,0,0,0,0
"256","12","BENSPIRIT","AWAY",22,"KARAITIANA, A.",17.47,0,0,5,2,40,1,0,0,0,4,1,0,2,0,0,2,3,2,67
"257","12","BENSPIRIT","AWAY",11,"Spencer, A.",7.2,0,0,3,1,33,1,0,0,0,2,0,1,1,0,0,0,2,1,50
"258","12","BENSPIRIT","AWAY",44,"Laney, B.",37.35,6,0,14,10,71,2,2,1,50,23,4,2,3,2,67,4,11,8,73
"259","12","BENSPIRIT","AWAY",21,"Rolph, E.",6.68,0,0,1,1,100,1,2,2,100,4,1,0,0,0,0,1,1,1,100
"260","12","BENSPIRIT","AWAY",20,"Richards, G.",34.05,1,2,10,5,50,5,6,5,83,15,7,0,0,0,0,1,10,5,50
"261","12","BENSPIRIT","AWAY",7,"OLIVER, H.",33.03,1,0,4,2,50,4,2,2,100,6,5,0,0,0,0,0,4,2,50
"262","12","BENSPIRIT","AWAY",15,"Rennie, J.",0,0,0,0,0,0,0,0,0,0,0,0,0,0,0,0,0,0,0,0
"263","12","BENSPIRIT","AWAY",3,"Tessari, K.",1.57,0,0,1,0,0,0,0,0,0,0,0,0,1,0,0,0,0,0,0
"264","12","BENSPIRIT","AWAY",34,"Wild, M.",0,0,0,0,0,0,0,0,0,0,0,0,0,0,0,0,0,0,0,0
"265","12","BENSPIRIT","AWAY",12,"Payne, N.",37.78,3,0,9,6,67,1,0,0,0,16,4,0,5,4,80,2,4,2,50
"266","12","BENSPIRIT","AWAY",1,"Banham, R.",24.8,5,0,8,4,50,4,3,3,100,13,6,0,5,2,40,1,3,2,67
"267","13","PERTHLYNX","HOME",8,"Ciabattoni, A.",19.43,4,1,6,3,50,1,0,0,0,7,5,0,3,1,33,2,3,2,67
"268","13","PERTHLYNX","HOME",10,"Kunek, A.",27.98,3,1,7,3,43,3,2,1,50,8,2,0,4,1,25,3,3,2,67
"269","13","PERTHLYNX","HOME",3,"Dowe, A.",5.13,0,0,2,1,50,0,0,0,0,2,0,0,0,0,0,0,2,1,50
"270","13","PERTHLYNX","HOME",7,"Farnworth, A.",17.37,5,0,3,0,0,0,0,0,0,0,2,0,2,0,0,2,1,0,0
"271","13","PERTHLYNX","HOME",1,"Williams, C.",32.57,4,1,27,12,44,1,0,0,0,25,10,3,2,1,50,0,25,11,44
"272","13","PERTHLYNX","HOME",30,"Miotti, I.",0,0,0,0,0,0,0,0,0,0,0,0,0,0,0,0,0,0,0,0
"273","13","PERTHLYNX","HOME",12,"Standish, K.",23.73,0,1,10,5,50,1,2,2,100,14,3,0,5,2,40,1,5,3,60
"274","13","PERTHLYNX","HOME",6,"Pirini, M.",1.1,0,0,0,0,0,0,0,0,0,0,0,1,0,0,0,0,0,0,0
"275","13","PERTHLYNX","HOME",9,"Burton, N.",25,0,0,5,2,40,2,2,1,50,5,7,0,0,0,0,1,5,2,40
"276","13","PERTHLYNX","HOME",11,"Thompson, O.",13.93,0,0,3,3,100,1,0,0,0,6,4,1,0,0,0,0,3,3,100
"277","13","PERTHLYNX","HOME",32,"Whitcomb, S.",33.68,4,0,14,6,43,7,8,7,88,22,3,3,9,3,33,3,5,3,60
"278","13","PERTHLYNX","HOME",24,"Fejo, T.",0,0,0,0,0,0,0,0,0,0,0,0,0,0,0,0,0,0,0,0
"279","13","UCCAPS","AWAY",13,"Wehrung, A.",21.88,2,0,6,5,83,2,0,0,0,13,3,1,4,3,75,4,2,2,100
"280","13","UCCAPS","AWAY",20,"Paalvast, C.",14.3,2,1,2,0,0,0,0,0,0,0,4,0,2,0,0,1,0,0,0
"281","13","UCCAPS","AWAY",5,"Magbegor, E.",20.57,2,2,4,3,75,3,4,2,50,8,2,2,0,0,0,3,4,3,75
"282","13","UCCAPS","AWAY",35,"Hooper, J.",30.3,0,0,18,9,50,1,0,0,0,20,6,1,9,2,22,1,9,7,78
"283","13","UCCAPS","AWAY",10,"Gaze, K.",21.32,0,0,6,1,17,2,2,1,50,4,0,0,3,1,33,0,3,0,0
"284","13","UCCAPS","AWAY",21,"Froling, K.",16.45,0,1,4,2,50,3,0,0,0,4,1,0,1,0,0,0,3,2,67
"285","13","UCCAPS","AWAY",22,"Scherf, L.",21.6,3,0,12,4,33,2,0,0,0,8,6,0,2,0,0,2,10,4,40
"286","13","UCCAPS","AWAY",23,"Rocci, M.",6.22,0,0,3,2,67,2,2,1,50,5,1,0,0,0,0,0,3,2,67
"287","13","UCCAPS","AWAY",7,"Hurst, N.",33.77,7,0,7,3,43,2,0,0,0,6,3,0,2,0,0,0,5,3,60
"288","13","UCCAPS","AWAY",12,"Jarry, R.",13.52,2,0,2,2,100,3,6,4,67,8,1,0,0,0,0,3,2,2,100
"289","14","MELBBOOM","HOME",15,"Grant, A.",10.77,1,0,1,0,0,0,0,0,0,0,3,0,1,0,0,1,0,0,0
"290","14","MELBBOOM","HOME",3,"Smart, B.",16.8,0,0,7,3,43,0,0,0,0,6,1,0,1,0,0,3,6,3,50
"291","14","MELBBOOM","HOME",8,"Cambage, E.",24.88,2,0,18,15,83,9,10,6,60,36,14,1,0,0,0,0,18,15,83
"292","14","MELBBOOM","HOME",11,"O'Hea, J.",26.87,5,0,9,5,56,3,2,2,100,13,7,2,4,1,25,2,5,4,80
"293","14","MELBBOOM","HOME",32,"Purcell, K.",26.35,4,1,5,3,60,0,0,0,0,6,8,3,1,0,0,4,4,3,75
"294","14","MELBBOOM","HOME",5,"Burton, K.",2.48,0,0,0,0,0,0,0,0,0,0,2,0,0,0,0,0,0,0,0
"295","14","MELBBOOM","HOME",2,"Tomlinson, L.",15.08,2,3,2,0,0,0,0,0,0,0,1,0,0,0,0,1,2,0,0
"296","14","MELBBOOM","HOME",23,"Garrick, M.",30.1,1,0,14,5,36,3,0,0,0,13,1,1,7,3,43,0,7,2,28
"297","14","MELBBOOM","HOME",14,"Conti, M.",12.87,1,1,3,1,33,3,6,6,100,8,0,0,2,0,0,4,1,1,100
"298","14","MELBBOOM","HOME",9,"Kalka, P.",0,0,0,0,0,0,0,0,0,0,0,0,0,0,0,0,0,0,0,0
"299","14","MELBBOOM","HOME",4,"Cole, R.",27.12,4,1,6,4,67,2,2,1,50,10,5,0,1,1,100,3,5,3,60
"300","14","MELBBOOM","HOME",6,"Ott, R.",6.58,1,0,1,0,0,0,0,0,0,0,0,0,0,0,0,2,1,0,0
"301","14","UCCAPS","AWAY",13,"Wehrung, A.",19.05,0,1,4,0,0,0,0,0,0,0,3,0,1,0,0,1,3,0,0
"302","14","UCCAPS","AWAY",20,"Paalvast, C.",12.02,0,1,2,0,0,1,0,0,0,0,3,3,0,0,0,1,2,0,0
"303","14","UCCAPS","AWAY",5,"Magbegor, E.",14.82,0,0,6,3,50,3,3,2,67,8,1,3,0,0,0,0,6,3,50
"304","14","UCCAPS","AWAY",35,"Hooper, J.",20.35,1,0,10,3,30,0,0,0,0,9,5,1,8,3,38,0,2,0,0
"305","14","UCCAPS","AWAY",10,"Gaze, K.",21.18,2,0,7,2,28,0,0,0,0,5,2,0,4,1,25,0,3,1,33
"306","14","UCCAPS","AWAY",21,"Froling, K.",17.93,1,0,5,2,40,4,8,4,50,9,4,1,1,1,100,1,4,1,25
"307","14","UCCAPS","AWAY",22,"Scherf, L.",17.58,0,1,6,0,0,1,0,0,0,0,5,0,0,0,0,4,6,0,0
"308","14","UCCAPS","AWAY",23,"Rocci, M.",16.32,3,0,7,2,28,3,4,4,100,8,2,0,1,0,0,1,6,2,33
"309","14","UCCAPS","AWAY",3,"Bass, M.",19.68,2,0,10,3,30,4,7,4,56,10,3,4,0,0,0,2,10,3,30
"310","14","UCCAPS","AWAY",7,"Hurst, N.",27.83,3,0,14,9,64,2,4,3,75,21,2,1,2,0,0,0,12,9,75
"311","14","UCCAPS","AWAY",12,"Jarry, R.",13.12,1,0,3,0,0,2,2,2,100,2,1,1,1,0,0,1,2,0,0
"312","15","UCCAPS","HOME",13,"Wehrung, A.",30.33,3,0,10,3,30,1,0,0,0,6,3,0,3,0,0,0,7,3,43
"313","15","UCCAPS","HOME",9,"Bourne, C.",0,0,0,0,0,0,0,0,0,0,0,0,0,0,0,0,0,0,0,0
"314","15","UCCAPS","HOME",20,"Paalvast, C.",2.35,0,0,0,0,0,0,0,0,0,0,1,0,0,0,0,1,0,0,0
"315","15","UCCAPS","HOME",5,"Magbegor, E.",13.47,1,2,7,5,71,1,1,0,0,10,8,0,0,0,0,0,7,5,71
"316","15","UCCAPS","HOME",35,"Hooper, J.",28.05,1,0,11,4,36,1,0,0,0,11,4,1,8,3,38,3,3,1,33
"317","15","UCCAPS","HOME",10,"Gaze, K.",28.27,2,2,11,3,27,2,0,0,0,9,2,0,5,3,60,0,6,0,0
"318","15","UCCAPS","HOME",21,"Froling, K.",9.07,0,0,5,1,20,1,2,2,100,5,2,1,3,1,33,0,2,0,0
"319","15","UCCAPS","HOME",22,"Scherf, L.",14.62,1,0,5,2,40,0,0,0,0,4,5,0,0,0,0,0,5,2,40
"320","15","UCCAPS","HOME",23,"Rocci, M.",3.02,1,0,2,0,0,0,0,0,0,0,0,0,0,0,0,0,2,0,0
"321","15","UCCAPS","HOME",3,"Bass, M.",22.08,0,0,11,7,64,3,3,2,67,16,4,1,0,0,0,3,11,7,64
"322","15","UCCAPS","HOME",7,"Hurst, N.",36.97,9,0,10,2,20,0,0,0,0,4,6,1,2,0,0,4,8,2,25
"323","15","UCCAPS","HOME",12,"Jarry, R.",11.7,2,0,4,1,25,0,0,0,0,2,1,1,2,0,0,1,2,1,50
"324","15","SYDUNI","AWAY",7,"Wilson, A.",37.07,4,0,13,7,54,2,1,1,100,17,9,2,5,2,40,0,8,5,63
"325","15","SYDUNI","AWAY",12,"Snell, B.",38.13,10,3,17,4,24,4,8,5,63,16,7,2,11,3,27,5,6,1,17
"326","15","SYDUNI","AWAY",11,"Boag, C.",13.35,0,0,5,1,20,0,0,0,0,2,5,0,1,0,0,0,4,1,25
"327","15","SYDUNI","AWAY",6,"McLean, C.",0,0,0,0,0,0,0,0,0,0,0,0,0,0,0,0,0,0,0,0
"328","15","SYDUNI","AWAY",3,"Moffatt, H.",25.42,2,0,8,2,25,1,2,2,100,6,4,0,1,0,0,1,7,2,28
"329","15","SYDUNI","AWAY",5,"Hamson, J.",34.25,0,5,17,7,41,1,2,1,50,15,17,2,0,0,0,1,17,7,41
"330","15","SYDUNI","AWAY",10,"Ebzery, K.",33.38,4,0,14,5,36,10,8,6,75,17,3,1,2,1,50,2,12,4,33
"331","15","SYDUNI","AWAY",14,"McSpadden, L.",0,0,0,0,0,0,0,0,0,0,0,0,0,0,0,0,0,0,0,0
"332","15","SYDUNI","AWAY",44,"Graham, S.",3.07,0,0,0,0,0,0,0,0,0,0,0,0,0,0,0,0,0,0,0
"333","15","SYDUNI","AWAY",8,"Greaves, S.",5.75,0,0,2,0,0,0,0,0,0,0,0,0,0,0,0,0,2,0,0
"334","15","SYDUNI","AWAY",2,"Walmsley, S.",9.52,1,0,3,0,0,0,0,0,0,0,2,0,1,0,0,1,2,0,0
"335","16","DANDENONG","HOME",14,"Todhunter, A.",35.45,1,1,11,6,55,0,0,0,0,13,7,1,2,1,50,2,9,5,56
"336","16","DANDENONG","HOME",11,"Mijovic, c.",27.38,1,1,14,6,43,5,0,0,0,13,3,2,5,1,20,1,9,5,56
"337","16","DANDENONG","HOME",2,"Pedersen, K.",34.52,2,0,9,5,56,3,4,2,50,12,8,1,0,0,0,2,9,5,56
"338","16","DANDENONG","HOME",10,"Rowe, K.",14.65,0,0,1,1,100,1,2,1,50,3,1,0,0,0,0,1,1,1,100
"339","16","DANDENONG","HOME",23,"Puli, M.",0,0,0,0,0,0,0,0,0,0,0,0,0,0,0,0,0,0,0,0
"340","16","DANDENONG","HOME",6,"Antoniadou, R.",3.6,0,0,0,0,0,1,0,0,0,0,0,0,0,0,0,0,0,0,0
"341","16","DANDENONG","HOME",7,"Pizzey, R.",0,0,0,0,0,0,0,0,0,0,0,0,0,0,0,0,0,0,0,0
"342","16","DANDENONG","HOME",13,"Richards, S.",27.05,5,0,3,1,33,1,0,0,0,2,0,1,1,0,0,2,2,1,50
"343","16","DANDENONG","HOME",8,"Blicavs, S.",39.22,5,0,22,12,55,2,2,2,100,29,7,2,8,3,38,2,14,9,64
"344","16","DANDENONG","HOME",12,"Giliam, T.",0,0,0,0,0,0,0,0,0,0,0,0,0,0,0,0,0,0,0,0
"345","16","DANDENONG","HOME",22,"Roberts, T.",18.07,1,0,8,3,38,1,0,0,0,6,4,0,0,0,0,0,8,3,38
"346","16","UCCAPS","AWAY",13,"Wehrung, A.",27.37,4,0,9,5,56,0,0,0,0,12,2,0,6,2,33,2,3,3,100
"347","16","UCCAPS","AWAY",5,"Magbegor, E.",9.77,0,0,3,3,100,1,2,2,100,8,2,0,0,0,0,1,3,3,100
"348","16","UCCAPS","AWAY",35,"Hooper, J.",28.82,1,0,13,6,46,3,5,5,100,21,6,3,10,4,40,0,3,2,67
"349","16","UCCAPS","AWAY",10,"Gaze, K.",28.27,1,1,7,1,14,1,0,0,0,3,1,0,5,1,20,2,2,0,0
"350","16","UCCAPS","AWAY",21,"Froling, K.",13.68,0,0,3,2,67,4,3,3,100,7,5,0,0,0,0,0,3,2,67
"351","16","UCCAPS","AWAY",22,"Scherf, L.",14.8,1,0,6,0,0,1,2,2,100,2,5,1,2,0,0,3,4,0,0
"352","16","UCCAPS","AWAY",23,"Rocci, M.",13.28,3,0,3,0,0,0,0,0,0,0,1,1,1,0,0,1,2,0,0
"353","16","UCCAPS","AWAY",3,"Bass, M.",25.18,1,0,10,6,60,3,0,0,0,12,8,0,0,0,0,1,10,6,60
"354","16","UCCAPS","AWAY",7,"Hurst, N.",36.18,9,0,9,5,56,4,4,4,100,15,5,0,3,1,33,5,6,4,67
"355","16","UCCAPS","AWAY",12,"Jarry, R.",2.58,0,0,0,0,0,1,2,1,50,1,2,1,0,0,0,0,0,0,0
"356","17","BENSPIRIT","HOME",8,"Hurst, A.",0,0,0,0,0,0,0,0,0,0,0,0,0,0,0,0,0,0,0,0
"357","17","BENSPIRIT","HOME",22,"KARAITIANA, A.",18.25,1,0,3,1,33,2,0,0,0,3,2,1,1,1,100,1,2,0,0
"358","17","BENSPIRIT","HOME",11,"Spencer, A.",8.02,0,0,5,2,40,0,0,0,0,4,3,0,0,0,0,0,5,2,40
"359","17","BENSPIRIT","HOME",44,"Laney, B.",40,3,0,14,6,43,3,6,2,33,14,7,1,1,0,0,7,13,6,46
"360","17","BENSPIRIT","HOME",21,"Rolph, E.",0,0,0,0,0,0,0,0,0,0,0,0,0,0,0,0,0,0,0,0
"361","17","BENSPIRIT","HOME",20,"Richards, G.",34.62,4,0,13,8,62,2,2,2,100,18,10,1,1,0,0,2,12,8,67
"362","17","BENSPIRIT","HOME",7,"OLIVER, H.",22.78,4,0,5,1,20,0,0,0,0,2,2,0,1,0,0,0,4,1,25
"363","17","BENSPIRIT","HOME",3,"Tessari, K.",4.17,0,0,0,0,0,0,0,0,0,0,0,1,0,0,0,1,0,0,0
"364","17","BENSPIRIT","HOME",34,"Wild, M.",0,0,0,0,0,0,0,0,0,0,0,0,0,0,0,0,0,0,0,0
"365","17","BENSPIRIT","HOME",12,"Payne, N.",37.35,3,0,11,6,55,7,6,6,100,19,7,2,3,1,33,5,8,5,63
"366","17","BENSPIRIT","HOME",1,"Banham, R.",34.75,6,0,11,8,73,0,0,0,0,20,4,2,6,4,67,2,5,4,80
"367","17","UCCAPS","AWAY",13,"Wehrung, A.",18.68,2,0,4,2,50,1,2,2,100,8,1,1,2,2,100,0,2,0,0
"368","17","UCCAPS","AWAY",20,"Paalvast, C.",10,2,0,2,1,50,0,0,0,0,3,0,1,1,1,100,1,1,0,0
"369","17","UCCAPS","AWAY",5,"Magbegor, E.",0,0,0,0,0,0,0,0,0,0,0,0,0,0,0,0,0,0,0,0
"370","17","UCCAPS","AWAY",35,"Hooper, J.",27.33,3,0,10,5,50,0,0,0,0,12,4,3,6,2,33,4,4,3,75
"371","17","UCCAPS","AWAY",10,"Gaze, K.",25.2,3,1,13,4,31,2,0,0,0,10,5,2,9,2,22,1,4,2,50
"372","17","UCCAPS","AWAY",21,"Froling, K.",21.4,4,1,6,2,33,3,6,4,67,9,4,0,4,1,25,1,2,1,50
"373","17","UCCAPS","AWAY",22,"Scherf, L.",14.17,3,1,8,6,75,1,1,0,0,12,2,0,1,0,0,2,7,6,86
"374","17","UCCAPS","AWAY",23,"Rocci, M.",20.32,3,0,3,2,67,2,0,0,0,4,1,2,0,0,0,0,3,2,67
"375","17","UCCAPS","AWAY",3,"Bass, M.",27.42,1,2,10,7,70,3,2,1,50,15,3,3,1,0,0,1,9,7,78
"376","17","UCCAPS","AWAY",7,"Hurst, N.",35.42,6,0,11,7,64,0,0,0,0,18,4,0,6,4,67,1,5,3,60
"377","18","UCCAPS","HOME",13,"Wehrung, A.",32.57,6,0,9,4,44,2,4,1,25,10,4,0,3,1,33,1,6,3,50
"378","18","UCCAPS","HOME",9,"Bourne, C.",0,0,0,0,0,0,0,0,0,0,0,0,0,0,0,0,0,0,0,0
"379","18","UCCAPS","HOME",20,"Paalvast, C.",14.72,1,1,0,0,0,2,4,3,75,3,1,1,0,0,0,1,0,0,0
"380","18","UCCAPS","HOME",5,"Magbegor, E.",9.27,0,0,1,1,100,2,2,1,50,3,1,1,0,0,0,3,1,1,100
"381","18","UCCAPS","HOME",35,"Hooper, J.",24.92,1,1,7,4,56,1,3,2,67,11,5,1,1,1,100,3,6,3,50
"382","18","UCCAPS","HOME",10,"Gaze, K.",22.1,2,0,10,5,50,3,4,2,50,14,6,1,5,2,40,2,5,3,60
"383","18","UCCAPS","HOME",21,"Froling, K.",25.32,5,0,6,3,50,2,2,2,100,9,3,0,1,1,100,1,5,2,40
"384","18","UCCAPS","HOME",22,"Scherf, L.",9.3,2,0,5,3,60,0,0,0,0,7,2,0,1,1,100,2,4,2,50
"385","18","UCCAPS","HOME",23,"Rocci, M.",31.07,3,0,9,4,44,4,2,2,100,10,4,1,1,0,0,6,8,4,50
"386","18","UCCAPS","HOME",3,"Bass, M.",30.68,0,0,13,9,69,2,4,3,75,21,4,1,0,0,0,1,13,9,69
"387","18","ADELAIDE","AWAY",4,"Bishop, A.",29.32,2,0,14,7,50,4,1,1,100,16,3,1,3,1,33,4,11,6,55
"388","18","ADELAIDE","AWAY",5,"Clydesdale, A.",34.17,5,0,12,7,57,0,0,0,0,18,1,5,8,4,50,1,4,3,75
"389","18","ADELAIDE","AWAY",8,"Brook, C.",2.32,0,0,1,1,100,0,0,0,0,2,0,0,0,0,0,0,1,1,100
"390","18","ADELAIDE","AWAY",42,"Planeta, C.",27.93,2,2,16,7,44,2,2,2,100,18,6,0,4,2,50,0,12,5,42
"391","18","ADELAIDE","AWAY",12,"Good, J.",5.5,1,0,0,0,0,1,0,0,0,0,1,0,0,0,0,0,0,0,0
"392","18","ADELAIDE","AWAY",1,"Nicholson, L.",32.93,5,1,4,1,25,5,2,2,100,5,3,2,1,1,100,2,3,0,0
"393","18","ADELAIDE","AWAY",35,"Seekamp, N.",26.67,6,0,6,4,67,0,0,0,0,8,2,3,1,0,0,4,5,4,80
"394","18","ADELAIDE","AWAY",44,"Hamblin, R.",14.9,2,2,1,1,100,0,0,0,0,2,2,1,0,0,0,3,1,1,100
"395","18","ADELAIDE","AWAY",7,"Elsworthy, S.",9.97,0,0,5,4,80,3,1,1,100,10,1,2,1,1,100,1,4,3,75
"396","18","ADELAIDE","AWAY",9,"Panousis, V.",16.22,1,0,8,2,25,1,2,2,100,8,2,0,6,2,33,1,2,0,0
"397","19","UCCAPS","HOME",13,"Wehrung, A.",15.82,3,0,10,1,10,0,0,0,0,3,1,0,4,1,25,0,6,0,0
"398","19","UCCAPS","HOME",9,"Bourne, C.",4.73,0,0,0,0,0,0,0,0,0,0,0,1,0,0,0,0,0,0,0
"399","19","UCCAPS","HOME",20,"Paalvast, C.",14.75,0,0,2,0,0,1,2,1,50,1,2,0,0,0,0,1,2,0,0
"400","19","UCCAPS","HOME",5,"Magbegor, E.",14.15,0,0,1,1,100,1,2,2,100,4,1,0,0,0,0,1,1,1,100
"401","19","UCCAPS","HOME",35,"Hooper, J.",20.28,1,1,8,4,50,1,2,1,50,11,3,1,5,2,40,1,3,2,67
"402","19","UCCAPS","HOME",10,"Gaze, K.",26.75,2,0,5,2,40,1,2,2,100,7,2,1,3,1,33,0,2,1,50
"403","19","UCCAPS","HOME",21,"Froling, K.",17.77,0,1,4,1,25,1,0,0,0,2,3,0,0,0,0,3,4,1,25
"404","19","UCCAPS","HOME",22,"Scherf, L.",16.95,2,1,9,3,33,0,0,0,0,7,6,1,2,1,50,1,7,2,28
"405","19","UCCAPS","HOME",23,"Rocci, M.",21.2,6,1,6,3,50,2,2,2,100,9,0,2,3,1,33,3,3,2,67
"406","19","UCCAPS","HOME",3,"Bass, M.",21.75,0,0,13,8,62,1,2,2,100,18,5,0,0,0,0,1,13,8,62
"407","19","UCCAPS","HOME",7,"Hurst, N.",25.77,5,0,8,2,25,0,0,0,0,4,4,0,1,0,0,1,7,2,28
"408","19","TOWNSVILLE","AWAY",23,"George, C.",30.82,4,1,10,7,70,0,0,0,0,14,9,0,1,0,0,0,9,7,78
"409","19","TOWNSVILLE","AWAY",14,"Garbin, D.",18.7,3,0,10,8,80,3,5,4,80,23,4,0,4,3,75,1,6,5,83
"410","19","TOWNSVILLE","AWAY",22,"Wilson, K.",20.38,4,0,6,2,33,0,0,0,0,4,3,2,0,0,0,2,6,2,33
"411","19","TOWNSVILLE","AWAY",1,"Mincy, L.",19.3,3,1,5,1,20,2,0,0,0,2,2,0,1,0,0,0,4,1,25
"412","19","TOWNSVILLE","AWAY",10,"Murray, M.",16.52,3,1,7,2,28,0,0,0,0,5,0,1,4,1,25,0,3,1,33
"413","19","TOWNSVILLE","AWAY",32,"Cocks, M.",23.47,2,0,7,6,86,0,1,1,100,18,0,0,6,5,83,0,1,1,100
"414","19","TOWNSVILLE","AWAY",6,"Donnelly, M.",19.1,3,0,3,1,33,2,2,2,100,4,2,0,0,0,0,2,3,1,33
"415","19","TOWNSVILLE","AWAY",8,"Batkovic, S.",23.72,2,3,14,9,64,3,3,3,100,21,8,2,0,0,0,3,14,9,64
"416","19","TOWNSVILLE","AWAY",24,"Wiese, S.",20.68,6,0,4,2,50,0,0,0,0,5,3,1,3,1,33,2,1,1,100
"417","19","TOWNSVILLE","AWAY",15,"Aokuso, Z.",7.25,0,0,2,1,50,2,2,1,50,3,1,0,0,0,0,0,2,1,50
"418","20","DANDENONG","HOME",14,"Todhunter, A.",33.75,3,0,11,3,27,0,0,0,0,8,6,3,6,2,33,1,5,1,20
"419","20","DANDENONG","HOME",11,"Mijovic, c.",27.82,2,1,12,5,42,2,0,0,0,11,7,0,6,1,17,5,6,4,67
"420","20","DANDENONG","HOME",2,"Pedersen, K.",29.13,5,0,8,3,38,1,0,0,0,6,4,1,0,0,0,4,8,3,38
"421","20","DANDENONG","HOME",10,"Rowe, K.",18.9,0,0,2,1,50,1,0,0,0,2,3,0,1,0,0,2,1,1,100
"422","20","DANDENONG","HOME",21,"Puli, M.",0,0,0,0,0,0,0,0,0,0,0,0,0,0,0,0,0,0,0,0
"423","20","DANDENONG","HOME",6,"Antoniadou, R.",2.92,0,0,0,0,0,0,0,0,0,0,0,0,0,0,0,0,0,0,0
"424","20","DANDENONG","HOME",7,"Pizzey, R.",0,0,0,0,0,0,0,0,0,0,0,0,0,0,0,0,0,0,0,0
"425","20","DANDENONG","HOME",13,"Richards, S.",12.53,0,0,4,0,0,1,0,0,0,0,0,2,1,0,0,1,3,0,0
"426","20","DANDENONG","HOME",8,"Blicavs, S.",35.18,4,1,15,6,40,4,6,5,83,17,8,0,0,0,0,1,15,6,40
"427","20","DANDENONG","HOME",12,"Giliam, T.",0,0,0,0,0,0,0,0,0,0,0,0,0,0,0,0,0,0,0,0
"428","20","DANDENONG","HOME",22,"Roberts, T.",23.02,2,1,11,7,64,2,2,1,50,15,7,1,1,0,0,1,10,7,70
"429","20","DANDENONG","HOME",5,"Lavey, T.",16.67,2,0,2,0,0,1,0,0,0,0,2,0,1,0,0,2,1,0,0
"430","20","UCCAPS","AWAY",13,"Wehrung, A.",26.3,1,0,4,3,75,1,0,0,0,7,3,1,2,1,50,3,2,2,100
"431","20","UCCAPS","AWAY",20,"Paalvast, C.",17.93,6,0,2,1,50,0,0,0,0,2,3,1,0,0,0,0,2,1,50
"432","20","UCCAPS","AWAY",5,"Magbegor, E.",6.23,0,0,2,0,0,0,0,0,0,0,1,0,0,0,0,1,2,0,0
"433","20","UCCAPS","AWAY",35,"Hooper, J.",29.05,1,0,6,2,33,0,0,0,0,5,3,0,5,1,20,1,1,1,100
"434","20","UCCAPS","AWAY",10,"Gaze, K.",28.67,1,0,13,4,31,2,6,4,67,14,5,0,8,2,25,1,5,2,40
"435","20","UCCAPS","AWAY",21,"Froling, K.",18.1,1,0,7,2,28,2,2,2,100,8,4,0,3,2,67,3,4,0,0
"436","20","UCCAPS","AWAY",22,"Scherf, L.",14.3,1,1,8,4,50,0,0,0,0,8,5,2,1,0,0,2,7,4,56
"437","20","UCCAPS","AWAY",23,"Rocci, M.",28.97,5,0,8,2,25,9,6,6,100,10,4,2,1,0,0,4,7,2,28
"438","20","UCCAPS","AWAY",3,"Bass, M.",30.38,0,2,11,4,36,3,1,1,100,9,4,2,0,0,0,2,11,4,36
"439","21","UCCAPS","HOME",13,"Wehrung, A.",24.85,3,0,5,1,20,2,2,2,100,4,6,3,2,0,0,2,3,1,33
"440","21","UCCAPS","HOME",9,"Bourne, C.",0,0,0,0,0,0,0,0,0,0,0,0,0,0,0,0,0,0,0,0
"441","21","UCCAPS","HOME",20,"Paalvast, C.",11.22,1,0,2,1,50,0,0,0,0,2,3,0,0,0,0,1,2,1,50
"442","21","UCCAPS","HOME",5,"Magbegor, E.",16,0,1,9,6,67,1,1,1,100,13,8,2,0,0,0,1,9,6,67
"443","21","UCCAPS","HOME",35,"Hooper, J.",29.55,3,2,18,9,50,1,2,1,50,22,5,0,8,3,38,1,10,6,60
"444","21","UCCAPS","HOME",10,"Gaze, K.",24.62,3,0,6,2,33,0,0,0,0,5,3,0,3,1,33,3,3,1,33
"445","21","UCCAPS","HOME",21,"Froling, K.",15.37,1,0,5,2,40,1,2,2,100,8,2,1,3,2,67,1,2,0,0
"446","21","UCCAPS","HOME",22,"Scherf, L.",4.62,1,0,3,0,0,0,0,0,0,0,2,0,1,0,0,0,2,0,0
"447","21","UCCAPS","HOME",23,"Rocci, M.",11.87,2,0,3,2,67,2,0,0,0,4,1,2,1,0,0,3,2,2,100
"448","21","UCCAPS","HOME",3,"Bass, M.",29.8,2,0,10,4,40,5,6,5,83,13,7,1,0,0,0,3,10,4,40
"449","21","UCCAPS","HOME",7,"Hurst, N.",32.02,8,1,4,1,25,1,0,0,0,3,3,1,1,1,100,3,3,0,0
"450","21","PERTHLYNX","AWAY",8,"Ciabattoni, A.",14.8,0,0,2,1,50,0,0,0,0,2,0,1,1,0,0,1,1,1,100
"451","21","PERTHLYNX","AWAY",10,"Kunek, A.",27.22,2,0,15,5,33,1,0,0,0,11,3,2,5,1,20,1,10,4,40
"452","21","PERTHLYNX","AWAY",3,"Dowe, A.",5.08,0,0,0,0,0,0,0,0,0,0,2,0,0,0,0,0,0,0,0
"453","21","PERTHLYNX","AWAY",7,"Farnworth, A.",20.1,0,0,6,0,0,0,0,0,0,0,1,2,1,0,0,1,5,0,0
"454","21","PERTHLYNX","AWAY",1,"Williams, C.",34.63,4,2,21,8,38,1,2,2,100,19,9,5,7,1,14,8,14,7,50
"455","21","PERTHLYNX","AWAY",12,"Standish, K.",30.13,2,0,10,4,40,5,5,5,100,13,7,1,4,0,0,1,6,4,67
"456","21","PERTHLYNX","AWAY",6,"Pirini, M.",0,0,0,0,0,0,0,0,0,0,0,0,0,0,0,0,0,0,0,0
"457","21","PERTHLYNX","AWAY",9,"Burton, N.",19.8,2,0,5,1,20,1,0,0,0,2,5,0,0,0,0,0,5,1,20
"458","21","PERTHLYNX","AWAY",11,"Thompson, O.",12.18,0,0,3,1,33,0,0,0,0,2,2,0,0,0,0,0,3,1,33
"459","21","PERTHLYNX","AWAY",32,"Whitcomb, S.",36,6,0,14,7,50,5,2,2,100,20,8,3,9,4,44,2,5,3,60
